epoch,train_ls,test_ls,time,test_acc
1,0.5100598356127739,0.5401787415146828,00:00:02,0.7829500019550324
2,0.46956613719463347,0.5158837035298347,00:00:04,0.8171999990940094
3,0.44445491671562193,0.4689394786953926,00:00:07,0.8245499938726425
4,0.46230325564742086,0.4935100346803665,00:00:09,0.8091499984264374
5,0.4454176154732704,0.5564265355467797,00:00:12,0.7890500038862228
6,0.4574792005121708,0.5140956111252308,00:00:15,0.8108500003814697
7,0.4762924158573151,0.42257130369544027,00:00:17,0.8328500002622604
8,0.4179769951105118,0.4202884539961815,00:00:20,0.8290999978780746
9,0.4177759516239166,0.4130272142589092,00:00:22,0.8380999982357025
10,0.42632339015603066,0.4920919120311737,00:00:25,0.8087000012397766
11,0.40006050586700437,0.39570760503411295,00:00:27,0.8401000052690506
12,0.4003545631468296,0.4249285846948624,00:00:30,0.8333500027656555
13,0.39359413549304006,0.39619082733988764,00:00:33,0.8404000014066696
14,0.39604434117674825,0.45181678235530853,00:00:35,0.8172500014305115
15,0.3907105313241482,0.4058085694909096,00:00:38,0.8328000068664551
16,0.3938108229637146,0.38416106402873995,00:00:41,0.8420000046491622
17,0.39538166418671605,0.4017744421958923,00:00:44,0.8429499983787536
18,0.3825621761381626,0.4371705800294876,00:00:46,0.8348499983549118
19,0.37846592634916304,0.3877093069255352,00:00:49,0.8381499916315078
20,0.3849299491941929,0.40082691237330437,00:00:52,0.8439499944448471
21,0.38479759737849234,0.4729676768183708,00:00:54,0.8227500021457672
22,0.3944639776647091,0.39599978402256963,00:00:57,0.8452999949455261
23,0.3818724332749844,0.41093737483024595,00:00:59,0.8351500034332275
24,0.3814780747890472,0.3915629744529724,00:01:02,0.8461500108242035
25,0.38191159382462503,0.4285923957824707,00:01:05,0.8398999959230423
26,0.3735359412431717,0.4857986569404602,00:01:07,0.8030499994754792
27,0.3762950406968594,0.37097799554467203,00:01:10,0.84825000166893
28,0.3681997689604759,0.4159626364707947,00:01:12,0.8379999935626984
29,0.3808825846016407,0.39612177610397337,00:01:15,0.8445999979972839
30,0.3683100013434887,0.4023105874657631,00:01:17,0.8350499987602233
